{"cameraMode":{"drawMode":0,"name":"Shaded","section":"Shading Mode"},"sceneLighting":true,"audioPlay":false,"sceneViewState":{"showFog":true,"showMaterialUpdate":true,"showSkybox":true,"showFlares":true,"showImageEffects":true,"showParticleSystems":true},"in2DMode":false,"pivot":{"x":1014.7308349609375,"y":571.9901733398438,"z":-59.53177261352539},"rotation":{"x":-0.09841175377368927,"y":0.6076398491859436,"z":-0.07623554766178131,"w":-0.7843958139419556},"size":81.39410400390625,"orthographic":false}