{"cameraMode":{"drawMode":0,"name":"Shaded","section":"Shading Mode"},"sceneLighting":true,"audioPlay":false,"sceneViewState":{"showFog":true,"showMaterialUpdate":true,"showSkybox":true,"showFlares":true,"showImageEffects":true,"showParticleSystems":true},"in2DMode":false,"pivot":{"x":1029.3896484375,"y":599.1133422851563,"z":-11.834701538085938},"rotation":{"x":-0.001809316803701222,"y":0.0200960673391819,"z":-0.000036339213693281636,"w":-0.9997963309288025},"size":132.09068298339845,"orthographic":false}